conf,map_5095
0.3000,0.972526
0.3500,0.972526
0.4000,0.972718
0.4500,0.973219
0.5000,0.972867
0.5500,0.972887
