{
  "n_clips": 200,
  "configs": {
    "baseline": {
      "wer": 0.01171397772188286,
      "score": 0.9882860222781171
    },
    "numbers_disfluency": {
      "wer": 0.011570247933884297,
      "score": 0.9884297520661157
    },
    "full_pp": {
      "wer": 0.011570247933884297,
      "score": 0.9884297520661157
    }
  },
  "per_rule": {}
}